{
  "id": "PioneerSleep",
  "scene_folder": "scenes/slugcat - pioneer",
  "images": [
    {
      "name": "sleep - 5",
      "pos": [ 672, 236 ],
      "depth": 5.5,
      "shader": "Normal"
    },
    {
      "name": "sleep - 4",
      "pos": [ 685, 138 ],
      "depth": 4.8,
      "shader": "Normal"
    },
    {
      "name": "sleep - 3",
      "pos": [ 740, 138 ],
      "depth": 4,
      "shader": "Normal"
    },
    {
      "name": "PioneerSleep",
      "pos": [ 0, 0 ],
      "depth": 3,
      "shader": "Basic"
    },
    {
      "name": "sleep - 1",
      "pos": [ 498, -38 ],
      "depth": 1.8,
      "shader": "Normal"
    }
  ],
  "idle_depths": [ 2.9 ],
  "sleep scene_depth": 3.0
}